subject,count,link
"postcards",451,"https://collectionbuilder.github.io/demo/wienberg/browse.html#postcards"
"beaches",293,"https://collectionbuilder.github.io/demo/wienberg/browse.html#beaches"
"coastlines",290,"https://collectionbuilder.github.io/demo/wienberg/browse.html#coastlines"
"correspondence",165,"https://collectionbuilder.github.io/demo/wienberg/browse.html#correspondence"
"roads",158,"https://collectionbuilder.github.io/demo/wienberg/browse.html#roads"
"piers & wharves",131,"https://collectionbuilder.github.io/demo/wienberg/browse.html#piers%20&%20wharves"
"restaurants",123,"https://collectionbuilder.github.io/demo/wienberg/browse.html#restaurants"
"automobiles",87,"https://collectionbuilder.github.io/demo/wienberg/browse.html#automobiles"
"matchcovers",83,"https://collectionbuilder.github.io/demo/wienberg/browse.html#matchcovers"
"houses",70,"https://collectionbuilder.github.io/demo/wienberg/browse.html#houses"
"hotels",55,"https://collectionbuilder.github.io/demo/wienberg/browse.html#hotels"
"rock formations",50,"https://collectionbuilder.github.io/demo/wienberg/browse.html#rock%20formations"
"rocks",48,"https://collectionbuilder.github.io/demo/wienberg/browse.html#rocks"
"eating & drinking facilities",46,"https://collectionbuilder.github.io/demo/wienberg/browse.html#eating%20&%20drinking%20facilities"
"mountain roads",45,"https://collectionbuilder.github.io/demo/wienberg/browse.html#mountain%20roads"
"ships",44,"https://collectionbuilder.github.io/demo/wienberg/browse.html#ships"
"mountains",42,"https://collectionbuilder.github.io/demo/wienberg/browse.html#mountains"
"forest fires",42,"https://collectionbuilder.github.io/demo/wienberg/browse.html#forest%20fires"
"fires",41,"https://collectionbuilder.github.io/demo/wienberg/browse.html#fires"
"parks",38,"https://collectionbuilder.github.io/demo/wienberg/browse.html#parks"
"dwellings",36,"https://collectionbuilder.github.io/demo/wienberg/browse.html#dwellings"
"canyons",36,"https://collectionbuilder.github.io/demo/wienberg/browse.html#canyons"
"boats",35,"https://collectionbuilder.github.io/demo/wienberg/browse.html#boats"
"bays (bodies of water)",33,"https://collectionbuilder.github.io/demo/wienberg/browse.html#bays%20(bodies%20of%20water)"
"ranches",28,"https://collectionbuilder.github.io/demo/wienberg/browse.html#ranches"
"tourists",28,"https://collectionbuilder.github.io/demo/wienberg/browse.html#tourists"
"religious orders",24,"https://collectionbuilder.github.io/demo/wienberg/browse.html#religious%20orders"
"bathhouses",24,"https://collectionbuilder.github.io/demo/wienberg/browse.html#bathhouses"
"motels",24,"https://collectionbuilder.github.io/demo/wienberg/browse.html#motels"
"gardens",24,"https://collectionbuilder.github.io/demo/wienberg/browse.html#gardens"
"religious facilities",23,"https://collectionbuilder.github.io/demo/wienberg/browse.html#religious%20facilities"
"state parks & reserves",22,"https://collectionbuilder.github.io/demo/wienberg/browse.html#state%20parks%20&%20reserves"
"aerial photographs",22,"https://collectionbuilder.github.io/demo/wienberg/browse.html#aerial%20photographs"
"religious retreats",21,"https://collectionbuilder.github.io/demo/wienberg/browse.html#religious%20retreats"
"oceans",20,"https://collectionbuilder.github.io/demo/wienberg/browse.html#oceans"
"bathing suits",20,"https://collectionbuilder.github.io/demo/wienberg/browse.html#bathing%20suits"
"japanese gardens",19,"https://collectionbuilder.github.io/demo/wienberg/browse.html#japanese%20gardens"
"lighthouses",18,"https://collectionbuilder.github.io/demo/wienberg/browse.html#lighthouses"
"harbors",17,"https://collectionbuilder.github.io/demo/wienberg/browse.html#harbors"
"surfing",16,"https://collectionbuilder.github.io/demo/wienberg/browse.html#surfing"
"lakes & ponds",15,"https://collectionbuilder.github.io/demo/wienberg/browse.html#lakes%20&%20ponds"
"cliffs",14,"https://collectionbuilder.github.io/demo/wienberg/browse.html#cliffs"
"crowds",13,"https://collectionbuilder.github.io/demo/wienberg/browse.html#crowds"
"clubs",13,"https://collectionbuilder.github.io/demo/wienberg/browse.html#clubs"
"soldiers' homes",13,"https://collectionbuilder.github.io/demo/wienberg/browse.html#soldiers'%20homes"
"motion picture studios",12,"https://collectionbuilder.github.io/demo/wienberg/browse.html#motion%20picture%20studios"
"glamour photographs",12,"https://collectionbuilder.github.io/demo/wienberg/browse.html#glamour%20photographs"
"flowers",12,"https://collectionbuilder.github.io/demo/wienberg/browse.html#flowers"
"celebrities",12,"https://collectionbuilder.github.io/demo/wienberg/browse.html#celebrities"
"automobile travel",12,"https://collectionbuilder.github.io/demo/wienberg/browse.html#automobile%20travel"
"valleys",12,"https://collectionbuilder.github.io/demo/wienberg/browse.html#valleys"
"people",11,"https://collectionbuilder.github.io/demo/wienberg/browse.html#people"
"cafes",11,"https://collectionbuilder.github.io/demo/wienberg/browse.html#cafes"
"tourism",11,"https://collectionbuilder.github.io/demo/wienberg/browse.html#tourism"
"actresses",10,"https://collectionbuilder.github.io/demo/wienberg/browse.html#actresses"
"sunrises & sunsets",10,"https://collectionbuilder.github.io/demo/wienberg/browse.html#sunrises%20&%20sunsets"
"sculpture",10,"https://collectionbuilder.github.io/demo/wienberg/browse.html#sculpture"
"shrines",10,"https://collectionbuilder.github.io/demo/wienberg/browse.html#shrines"
"fishing",10,"https://collectionbuilder.github.io/demo/wienberg/browse.html#fishing"
"islands",9,"https://collectionbuilder.github.io/demo/wienberg/browse.html#islands"
"landslides",9,"https://collectionbuilder.github.io/demo/wienberg/browse.html#landslides"
"amusement piers",9,"https://collectionbuilder.github.io/demo/wienberg/browse.html#amusement%20piers"
"sea lions",9,"https://collectionbuilder.github.io/demo/wienberg/browse.html#sea%20lions"
"women",9,"https://collectionbuilder.github.io/demo/wienberg/browse.html#women"
"dogs",9,"https://collectionbuilder.github.io/demo/wienberg/browse.html#dogs"
"canals",9,"https://collectionbuilder.github.io/demo/wienberg/browse.html#canals"
"roller coasters",9,"https://collectionbuilder.github.io/demo/wienberg/browse.html#roller%20coasters"
"railroads",8,"https://collectionbuilder.github.io/demo/wienberg/browse.html#railroads"
"neighborhoods",8,"https://collectionbuilder.github.io/demo/wienberg/browse.html#neighborhoods"
"amusement parks",8,"https://collectionbuilder.github.io/demo/wienberg/browse.html#amusement%20parks"
"moonlight",8,"https://collectionbuilder.github.io/demo/wienberg/browse.html#moonlight"
"bridges",7,"https://collectionbuilder.github.io/demo/wienberg/browse.html#bridges"
"motion picture industry",7,"https://collectionbuilder.github.io/demo/wienberg/browse.html#motion%20picture%20industry"
"bikinis (bathing suits)",7,"https://collectionbuilder.github.io/demo/wienberg/browse.html#bikinis%20(bathing%20suits)"
"casinos",7,"https://collectionbuilder.github.io/demo/wienberg/browse.html#casinos"
"horses",7,"https://collectionbuilder.github.io/demo/wienberg/browse.html#horses"
"parking lots",7,"https://collectionbuilder.github.io/demo/wienberg/browse.html#parking%20lots"
"gondolas",7,"https://collectionbuilder.github.io/demo/wienberg/browse.html#gondolas"
"glass bottom boats",7,"https://collectionbuilder.github.io/demo/wienberg/browse.html#glass%20bottom%20boats"
"models",7,"https://collectionbuilder.github.io/demo/wienberg/browse.html#models"
"buildings",6,"https://collectionbuilder.github.io/demo/wienberg/browse.html#buildings"
"apartments",6,"https://collectionbuilder.github.io/demo/wienberg/browse.html#apartments"
"trails & paths",6,"https://collectionbuilder.github.io/demo/wienberg/browse.html#trails%20&%20paths"
"swimmers",6,"https://collectionbuilder.github.io/demo/wienberg/browse.html#swimmers"
"photography",6,"https://collectionbuilder.github.io/demo/wienberg/browse.html#photography"
"horseback riding",6,"https://collectionbuilder.github.io/demo/wienberg/browse.html#horseback%20riding"
"miniature railroads",6,"https://collectionbuilder.github.io/demo/wienberg/browse.html#miniature%20railroads"
"camps",5,"https://collectionbuilder.github.io/demo/wienberg/browse.html#camps"
"children",5,"https://collectionbuilder.github.io/demo/wienberg/browse.html#children"
"clubhouses",5,"https://collectionbuilder.github.io/demo/wienberg/browse.html#clubhouses"
"sunbathing",5,"https://collectionbuilder.github.io/demo/wienberg/browse.html#sunbathing"
"motion picture production & direction",5,"https://collectionbuilder.github.io/demo/wienberg/browse.html#motion%20picture%20production%20&%20direction"
"pavilions",5,"https://collectionbuilder.github.io/demo/wienberg/browse.html#pavilions"
"storms",5,"https://collectionbuilder.github.io/demo/wienberg/browse.html#storms"
"night",5,"https://collectionbuilder.github.io/demo/wienberg/browse.html#night"
"rest stops",5,"https://collectionbuilder.github.io/demo/wienberg/browse.html#rest%20stops"
"streams",5,"https://collectionbuilder.github.io/demo/wienberg/browse.html#streams"
"jetties",5,"https://collectionbuilder.github.io/demo/wienberg/browse.html#jetties"
"flyingfish",5,"https://collectionbuilder.github.io/demo/wienberg/browse.html#flyingfish"
"stores & shops",4,"https://collectionbuilder.github.io/demo/wienberg/browse.html#stores%20&%20shops"
"swimming pools",4,"https://collectionbuilder.github.io/demo/wienberg/browse.html#swimming%20pools"
"snow",4,"https://collectionbuilder.github.io/demo/wienberg/browse.html#snow"
"palms",4,"https://collectionbuilder.github.io/demo/wienberg/browse.html#palms"
"families",4,"https://collectionbuilder.github.io/demo/wienberg/browse.html#families"
"trees",4,"https://collectionbuilder.github.io/demo/wienberg/browse.html#trees"
"gulls",4,"https://collectionbuilder.github.io/demo/wienberg/browse.html#gulls"
"auditoriums",4,"https://collectionbuilder.github.io/demo/wienberg/browse.html#auditoriums"
"scenic overlooks",4,"https://collectionbuilder.github.io/demo/wienberg/browse.html#scenic%20overlooks"
"real estate business",4,"https://collectionbuilder.github.io/demo/wienberg/browse.html#real%20estate%20business"
"automobile service stations",4,"https://collectionbuilder.github.io/demo/wienberg/browse.html#automobile%20service%20stations"
"fishing boats",4,"https://collectionbuilder.github.io/demo/wienberg/browse.html#fishing%20boats"
"menus",4,"https://collectionbuilder.github.io/demo/wienberg/browse.html#menus"
"farms",4,"https://collectionbuilder.github.io/demo/wienberg/browse.html#farms"
"country clubs",4,"https://collectionbuilder.github.io/demo/wienberg/browse.html#country%20clubs"
"buses",4,"https://collectionbuilder.github.io/demo/wienberg/browse.html#buses"
"fountains",4,"https://collectionbuilder.github.io/demo/wienberg/browse.html#fountains"
"interiors",4,"https://collectionbuilder.github.io/demo/wienberg/browse.html#interiors"
"carriages & coaches",3,"https://collectionbuilder.github.io/demo/wienberg/browse.html#carriages%20&%20coaches"
"theaters",3,"https://collectionbuilder.github.io/demo/wienberg/browse.html#theaters"
"chimneys",3,"https://collectionbuilder.github.io/demo/wienberg/browse.html#chimneys"
"steamboats",3,"https://collectionbuilder.github.io/demo/wienberg/browse.html#steamboats"
"pagodas",3,"https://collectionbuilder.github.io/demo/wienberg/browse.html#pagodas"
"nightclubs",3,"https://collectionbuilder.github.io/demo/wienberg/browse.html#nightclubs"
"actors",3,"https://collectionbuilder.github.io/demo/wienberg/browse.html#actors"
"patios",3,"https://collectionbuilder.github.io/demo/wienberg/browse.html#patios"
"advertisements",3,"https://collectionbuilder.github.io/demo/wienberg/browse.html#advertisements"
"shopping centers",3,"https://collectionbuilder.github.io/demo/wienberg/browse.html#shopping%20centers"
"cities & towns",3,"https://collectionbuilder.github.io/demo/wienberg/browse.html#cities%20&%20towns"
"christianity",3,"https://collectionbuilder.github.io/demo/wienberg/browse.html#christianity"
"panoramic views",3,"https://collectionbuilder.github.io/demo/wienberg/browse.html#panoramic%20views"
"weather",3,"https://collectionbuilder.github.io/demo/wienberg/browse.html#weather"
"humorous pictures",3,"https://collectionbuilder.github.io/demo/wienberg/browse.html#humorous%20pictures"
"motion pictures",3,"https://collectionbuilder.github.io/demo/wienberg/browse.html#motion%20pictures"
"ballrooms",3,"https://collectionbuilder.github.io/demo/wienberg/browse.html#ballrooms"
"airplanes",3,"https://collectionbuilder.github.io/demo/wienberg/browse.html#airplanes"
"umbrellas",3,"https://collectionbuilder.github.io/demo/wienberg/browse.html#umbrellas"
"bells",3,"https://collectionbuilder.github.io/demo/wienberg/browse.html#bells"
"floods",3,"https://collectionbuilder.github.io/demo/wienberg/browse.html#floods"
"croplands",3,"https://collectionbuilder.github.io/demo/wienberg/browse.html#croplands"
"seals (animals)",3,"https://collectionbuilder.github.io/demo/wienberg/browse.html#seals%20(animals)"
"amusement rides",3,"https://collectionbuilder.github.io/demo/wienberg/browse.html#amusement%20rides"
"maps",3,"https://collectionbuilder.github.io/demo/wienberg/browse.html#maps"
"tents",3,"https://collectionbuilder.github.io/demo/wienberg/browse.html#tents"
"mud",3,"https://collectionbuilder.github.io/demo/wienberg/browse.html#mud"
"oil wells",3,"https://collectionbuilder.github.io/demo/wienberg/browse.html#oil%20wells"
"midways",3,"https://collectionbuilder.github.io/demo/wienberg/browse.html#midways"
"walkways",3,"https://collectionbuilder.github.io/demo/wienberg/browse.html#walkways"
"bungalows",2,"https://collectionbuilder.github.io/demo/wienberg/browse.html#bungalows"
"streets",2,"https://collectionbuilder.github.io/demo/wienberg/browse.html#streets"
"trucks",2,"https://collectionbuilder.github.io/demo/wienberg/browse.html#trucks"
"birds",2,"https://collectionbuilder.github.io/demo/wienberg/browse.html#birds"
"schools",2,"https://collectionbuilder.github.io/demo/wienberg/browse.html#schools"
"fire fighters",2,"https://collectionbuilder.github.io/demo/wienberg/browse.html#fire%20fighters"
"seas",2,"https://collectionbuilder.github.io/demo/wienberg/browse.html#seas"
"rivers",2,"https://collectionbuilder.github.io/demo/wienberg/browse.html#rivers"
"temples",2,"https://collectionbuilder.github.io/demo/wienberg/browse.html#temples"
"animal shows",2,"https://collectionbuilder.github.io/demo/wienberg/browse.html#animal%20shows"
"traffic congestion",2,"https://collectionbuilder.github.io/demo/wienberg/browse.html#traffic%20congestion"
"churches",2,"https://collectionbuilder.github.io/demo/wienberg/browse.html#churches"
"lodges",2,"https://collectionbuilder.github.io/demo/wienberg/browse.html#lodges"
"mobile homes",2,"https://collectionbuilder.github.io/demo/wienberg/browse.html#mobile%20homes"
"diners (restaurants)",2,"https://collectionbuilder.github.io/demo/wienberg/browse.html#diners%20(restaurants)"
"plants",2,"https://collectionbuilder.github.io/demo/wienberg/browse.html#plants"
"yachts",2,"https://collectionbuilder.github.io/demo/wienberg/browse.html#yachts"
"fire",2,"https://collectionbuilder.github.io/demo/wienberg/browse.html#fire"
"cabins",2,"https://collectionbuilder.github.io/demo/wienberg/browse.html#cabins"
"men",2,"https://collectionbuilder.github.io/demo/wienberg/browse.html#men"
"ruins",2,"https://collectionbuilder.github.io/demo/wienberg/browse.html#ruins"
"galleries & museums",2,"https://collectionbuilder.github.io/demo/wienberg/browse.html#galleries%20&%20museums"
"landscape photographs",2,"https://collectionbuilder.github.io/demo/wienberg/browse.html#landscape%20photographs"
"recreational vehicles",2,"https://collectionbuilder.github.io/demo/wienberg/browse.html#recreational%20vehicles"
"photographers",2,"https://collectionbuilder.github.io/demo/wienberg/browse.html#photographers"
"smoking",2,"https://collectionbuilder.github.io/demo/wienberg/browse.html#smoking"
"film stills",2,"https://collectionbuilder.github.io/demo/wienberg/browse.html#film%20stills"
"fish",2,"https://collectionbuilder.github.io/demo/wienberg/browse.html#fish"
"polo",2,"https://collectionbuilder.github.io/demo/wienberg/browse.html#polo"
"cycling",2,"https://collectionbuilder.github.io/demo/wienberg/browse.html#cycling"
"leaflets",2,"https://collectionbuilder.github.io/demo/wienberg/browse.html#leaflets"
"resorts",2,"https://collectionbuilder.github.io/demo/wienberg/browse.html#resorts"
"eating & drinking",2,"https://collectionbuilder.github.io/demo/wienberg/browse.html#eating%20&%20drinking"
"sailboats",2,"https://collectionbuilder.github.io/demo/wienberg/browse.html#sailboats"
"cookery",2,"https://collectionbuilder.github.io/demo/wienberg/browse.html#cookery"
"poetry",2,"https://collectionbuilder.github.io/demo/wienberg/browse.html#poetry"
"rain",2,"https://collectionbuilder.github.io/demo/wienberg/browse.html#rain"
"crosses",2,"https://collectionbuilder.github.io/demo/wienberg/browse.html#crosses"
"seals",2,"https://collectionbuilder.github.io/demo/wienberg/browse.html#seals"
"methodist churches",2,"https://collectionbuilder.github.io/demo/wienberg/browse.html#methodist%20churches"
"night photographs",2,"https://collectionbuilder.github.io/demo/wienberg/browse.html#night%20photographs"
"dams",2,"https://collectionbuilder.github.io/demo/wienberg/browse.html#dams"
"studios",2,"https://collectionbuilder.github.io/demo/wienberg/browse.html#studios"
"motorcycles",2,"https://collectionbuilder.github.io/demo/wienberg/browse.html#motorcycles"
"entertainers",2,"https://collectionbuilder.github.io/demo/wienberg/browse.html#entertainers"
"grocery stores",2,"https://collectionbuilder.github.io/demo/wienberg/browse.html#grocery%20stores"
"ice cream & ices",2,"https://collectionbuilder.github.io/demo/wienberg/browse.html#ice%20cream%20&%20ices"
"priests",2,"https://collectionbuilder.github.io/demo/wienberg/browse.html#priests"
"water gardens",2,"https://collectionbuilder.github.io/demo/wienberg/browse.html#water%20gardens"
"boys",2,"https://collectionbuilder.github.io/demo/wienberg/browse.html#boys"
"dance halls",2,"https://collectionbuilder.github.io/demo/wienberg/browse.html#dance%20halls"
"barracks",2,"https://collectionbuilder.github.io/demo/wienberg/browse.html#barracks"
"drugstores",2,"https://collectionbuilder.github.io/demo/wienberg/browse.html#drugstores"
"campaigns & battles",2,"https://collectionbuilder.github.io/demo/wienberg/browse.html#campaigns%20&%20battles"
"arrivals & departures",2,"https://collectionbuilder.github.io/demo/wienberg/browse.html#arrivals%20&%20departures"
"sideshows",2,"https://collectionbuilder.github.io/demo/wienberg/browse.html#sideshows"
"fire engines",2,"https://collectionbuilder.github.io/demo/wienberg/browse.html#fire%20engines"
"helicopters",1,"https://collectionbuilder.github.io/demo/wienberg/browse.html#helicopters"
"police",1,"https://collectionbuilder.github.io/demo/wienberg/browse.html#police"
"business cards",1,"https://collectionbuilder.github.io/demo/wienberg/browse.html#business%20cards"
"windows",1,"https://collectionbuilder.github.io/demo/wienberg/browse.html#windows"
"comedies",1,"https://collectionbuilder.github.io/demo/wienberg/browse.html#comedies"
"bathing beauties",1,"https://collectionbuilder.github.io/demo/wienberg/browse.html#bathing%20beauties"
"stables",1,"https://collectionbuilder.github.io/demo/wienberg/browse.html#stables"
"singers",1,"https://collectionbuilder.github.io/demo/wienberg/browse.html#singers"
"city & town halls",1,"https://collectionbuilder.github.io/demo/wienberg/browse.html#city%20&%20town%20halls"
"barbecues",1,"https://collectionbuilder.github.io/demo/wienberg/browse.html#barbecues"
"corresondence",1,"https://collectionbuilder.github.io/demo/wienberg/browse.html#corresondence"
"barbecue grills",1,"https://collectionbuilder.github.io/demo/wienberg/browse.html#barbecue%20grills"
"earthquakes",1,"https://collectionbuilder.github.io/demo/wienberg/browse.html#earthquakes"
"banquet halls",1,"https://collectionbuilder.github.io/demo/wienberg/browse.html#banquet%20halls"
"deer",1,"https://collectionbuilder.github.io/demo/wienberg/browse.html#deer"
"whales",1,"https://collectionbuilder.github.io/demo/wienberg/browse.html#whales"
"cannon balls",1,"https://collectionbuilder.github.io/demo/wienberg/browse.html#cannon%20balls"
"cyclists",1,"https://collectionbuilder.github.io/demo/wienberg/browse.html#cyclists"
"sports",1,"https://collectionbuilder.github.io/demo/wienberg/browse.html#sports"
"running",1,"https://collectionbuilder.github.io/demo/wienberg/browse.html#running"
"runners",1,"https://collectionbuilder.github.io/demo/wienberg/browse.html#runners"
"cannons",1,"https://collectionbuilder.github.io/demo/wienberg/browse.html#cannons"
"circuses & shows",1,"https://collectionbuilder.github.io/demo/wienberg/browse.html#circuses%20&%20shows"
"guitars",1,"https://collectionbuilder.github.io/demo/wienberg/browse.html#guitars"
"trained animals",1,"https://collectionbuilder.github.io/demo/wienberg/browse.html#trained%20animals"
"aquatic animals",1,"https://collectionbuilder.github.io/demo/wienberg/browse.html#aquatic%20animals"
"arbors (bowers)",1,"https://collectionbuilder.github.io/demo/wienberg/browse.html#arbors%20(bowers)"
"railroad cars",1,"https://collectionbuilder.github.io/demo/wienberg/browse.html#railroad%20cars"
"railroad travel",1,"https://collectionbuilder.github.io/demo/wienberg/browse.html#railroad%20travel"
"pools",1,"https://collectionbuilder.github.io/demo/wienberg/browse.html#pools"
"railroad shops & yards",1,"https://collectionbuilder.github.io/demo/wienberg/browse.html#railroad%20shops%20&%20yards"
"camera obscura works",1,"https://collectionbuilder.github.io/demo/wienberg/browse.html#camera%20obscura%20works"
"aquariums",1,"https://collectionbuilder.github.io/demo/wienberg/browse.html#aquariums"
"oaks",1,"https://collectionbuilder.github.io/demo/wienberg/browse.html#oaks"
"pier & wharf failures",1,"https://collectionbuilder.github.io/demo/wienberg/browse.html#pier%20&%20wharf%20failures"
"universities & colleges",1,"https://collectionbuilder.github.io/demo/wienberg/browse.html#universities%20&%20colleges"
"chapels",1,"https://collectionbuilder.github.io/demo/wienberg/browse.html#chapels"
"mountains roads",1,"https://collectionbuilder.github.io/demo/wienberg/browse.html#mountains%20roads"
"farming",1,"https://collectionbuilder.github.io/demo/wienberg/browse.html#farming"
"milkmen & milkwomen",1,"https://collectionbuilder.github.io/demo/wienberg/browse.html#milkmen%20&%20milkwomen"
"milk",1,"https://collectionbuilder.github.io/demo/wienberg/browse.html#milk"
"dairying",1,"https://collectionbuilder.github.io/demo/wienberg/browse.html#dairying"
"facades",1,"https://collectionbuilder.github.io/demo/wienberg/browse.html#facades"
"terraces",1,"https://collectionbuilder.github.io/demo/wienberg/browse.html#terraces"
"fishermen",1,"https://collectionbuilder.github.io/demo/wienberg/browse.html#fishermen"
"pier tables",1,"https://collectionbuilder.github.io/demo/wienberg/browse.html#pier%20tables"
"trading posts",1,"https://collectionbuilder.github.io/demo/wienberg/browse.html#trading%20posts"
"canoes",1,"https://collectionbuilder.github.io/demo/wienberg/browse.html#canoes"
"shellfish industry",1,"https://collectionbuilder.github.io/demo/wienberg/browse.html#shellfish%20industry"
"proposed works",1,"https://collectionbuilder.github.io/demo/wienberg/browse.html#proposed%20works"
"athletic clubs",1,"https://collectionbuilder.github.io/demo/wienberg/browse.html#athletic%20clubs"
"boat clubs",1,"https://collectionbuilder.github.io/demo/wienberg/browse.html#boat%20clubs"
"fences",1,"https://collectionbuilder.github.io/demo/wienberg/browse.html#fences"
"ferris wheels",1,"https://collectionbuilder.github.io/demo/wienberg/browse.html#ferris%20wheels"
"carnivals",1,"https://collectionbuilder.github.io/demo/wienberg/browse.html#carnivals"
"dunes",1,"https://collectionbuilder.github.io/demo/wienberg/browse.html#dunes"
"camping",1,"https://collectionbuilder.github.io/demo/wienberg/browse.html#camping"
"keys (hardware)",1,"https://collectionbuilder.github.io/demo/wienberg/browse.html#keys%20(hardware)"
"festivals",1,"https://collectionbuilder.github.io/demo/wienberg/browse.html#festivals"
"group portraits",1,"https://collectionbuilder.github.io/demo/wienberg/browse.html#group%20portraits"
"monks",1,"https://collectionbuilder.github.io/demo/wienberg/browse.html#monks"
"ukeleles",1,"https://collectionbuilder.github.io/demo/wienberg/browse.html#ukeleles"
"hospitals",1,"https://collectionbuilder.github.io/demo/wienberg/browse.html#hospitals"
"libraries",1,"https://collectionbuilder.github.io/demo/wienberg/browse.html#libraries"
"automobile racing",1,"https://collectionbuilder.github.io/demo/wienberg/browse.html#automobile%20racing"
"racetracks",1,"https://collectionbuilder.github.io/demo/wienberg/browse.html#racetracks"
"aerial views",1,"https://collectionbuilder.github.io/demo/wienberg/browse.html#aerial%20views"
"lifeboats",1,"https://collectionbuilder.github.io/demo/wienberg/browse.html#lifeboats"
"musicians",1,"https://collectionbuilder.github.io/demo/wienberg/browse.html#musicians"
"fire fighting",1,"https://collectionbuilder.github.io/demo/wienberg/browse.html#fire%20fighting"
"evacuations",1,"https://collectionbuilder.github.io/demo/wienberg/browse.html#evacuations"
"stairways",1,"https://collectionbuilder.github.io/demo/wienberg/browse.html#stairways"
"presidents",1,"https://collectionbuilder.github.io/demo/wienberg/browse.html#presidents"
"painting",1,"https://collectionbuilder.github.io/demo/wienberg/browse.html#painting"
"biplanes",1,"https://collectionbuilder.github.io/demo/wienberg/browse.html#biplanes"
"construction",1,"https://collectionbuilder.github.io/demo/wienberg/browse.html#construction"
"reading rooms",1,"https://collectionbuilder.github.io/demo/wienberg/browse.html#reading%20rooms"
"dirt roads",1,"https://collectionbuilder.github.io/demo/wienberg/browse.html#dirt%20roads"
"banks",1,"https://collectionbuilder.github.io/demo/wienberg/browse.html#banks"
"jumping",1,"https://collectionbuilder.github.io/demo/wienberg/browse.html#jumping"
"landscape prints",1,"https://collectionbuilder.github.io/demo/wienberg/browse.html#landscape%20prints"
"parades & processions",1,"https://collectionbuilder.github.io/demo/wienberg/browse.html#parades%20&%20processions"
"viewbooks",1,"https://collectionbuilder.github.io/demo/wienberg/browse.html#viewbooks"
"tickets",1,"https://collectionbuilder.github.io/demo/wienberg/browse.html#tickets"
"croquet",1,"https://collectionbuilder.github.io/demo/wienberg/browse.html#croquet"
"buffets (cookery)",1,"https://collectionbuilder.github.io/demo/wienberg/browse.html#buffets%20(cookery)"
"mobile home living",1,"https://collectionbuilder.github.io/demo/wienberg/browse.html#mobile%20home%20living"
"meadows",1,"https://collectionbuilder.github.io/demo/wienberg/browse.html#meadows"
"publicity photographs",1,"https://collectionbuilder.github.io/demo/wienberg/browse.html#publicity%20photographs"
"coastline",1,"https://collectionbuilder.github.io/demo/wienberg/browse.html#coastline"
"railroad tracks",1,"https://collectionbuilder.github.io/demo/wienberg/browse.html#railroad%20tracks"
"yards",1,"https://collectionbuilder.github.io/demo/wienberg/browse.html#yards"
"yacht clubs",1,"https://collectionbuilder.github.io/demo/wienberg/browse.html#yacht%20clubs"
"street railroads",1,"https://collectionbuilder.github.io/demo/wienberg/browse.html#street%20railroads"
"coastlines' roads",1,"https://collectionbuilder.github.io/demo/wienberg/browse.html#coastlines'%20roads"
"couples",1,"https://collectionbuilder.github.io/demo/wienberg/browse.html#couples"
"music halls",1,"https://collectionbuilder.github.io/demo/wienberg/browse.html#music%20halls"
"coin operated machines",1,"https://collectionbuilder.github.io/demo/wienberg/browse.html#coin%20operated%20machines"
"musical instruments",1,"https://collectionbuilder.github.io/demo/wienberg/browse.html#musical%20instruments"
"rock formatins",1,"https://collectionbuilder.github.io/demo/wienberg/browse.html#rock%20formatins"
"elevated highways",1,"https://collectionbuilder.github.io/demo/wienberg/browse.html#elevated%20highways"
"pergolas",1,"https://collectionbuilder.github.io/demo/wienberg/browse.html#pergolas"
"petroleum industry",1,"https://collectionbuilder.github.io/demo/wienberg/browse.html#petroleum%20industry"
"moon",1,"https://collectionbuilder.github.io/demo/wienberg/browse.html#moon"
"commuters",1,"https://collectionbuilder.github.io/demo/wienberg/browse.html#commuters"
"bus travel",1,"https://collectionbuilder.github.io/demo/wienberg/browse.html#bus%20travel"
"eye examinations",1,"https://collectionbuilder.github.io/demo/wienberg/browse.html#eye%20examinations"
"sporting goods stores",1,"https://collectionbuilder.github.io/demo/wienberg/browse.html#sporting%20goods%20stores"
"interior decoration",1,"https://collectionbuilder.github.io/demo/wienberg/browse.html#interior%20decoration"
"beaches corrsepondence",1,"https://collectionbuilder.github.io/demo/wienberg/browse.html#beaches%20corrsepondence"
"interior design",1,"https://collectionbuilder.github.io/demo/wienberg/browse.html#interior%20design"
"railroad stations",1,"https://collectionbuilder.github.io/demo/wienberg/browse.html#railroad%20stations"
"transportation",1,"https://collectionbuilder.github.io/demo/wienberg/browse.html#transportation"
"bonds (negotiable instruments)",1,"https://collectionbuilder.github.io/demo/wienberg/browse.html#bonds%20(negotiable%20instruments)"
"post offices",1,"https://collectionbuilder.github.io/demo/wienberg/browse.html#post%20offices"
"commemorations",1,"https://collectionbuilder.github.io/demo/wienberg/browse.html#commemorations"
"gambling",1,"https://collectionbuilder.github.io/demo/wienberg/browse.html#gambling"
"teddy bears",1,"https://collectionbuilder.github.io/demo/wienberg/browse.html#teddy%20bears"
"waterfalls",1,"https://collectionbuilder.github.io/demo/wienberg/browse.html#waterfalls"
"fraternal lodges",1,"https://collectionbuilder.github.io/demo/wienberg/browse.html#fraternal%20lodges"
"fraternal organizations",1,"https://collectionbuilder.github.io/demo/wienberg/browse.html#fraternal%20organizations"
"bars",1,"https://collectionbuilder.github.io/demo/wienberg/browse.html#bars"
"picnic grounds",1,"https://collectionbuilder.github.io/demo/wienberg/browse.html#picnic%20grounds"
"bays lakes & ponds",1,"https://collectionbuilder.github.io/demo/wienberg/browse.html#bays%20lakes%20&%20ponds"
"kennels",1,"https://collectionbuilder.github.io/demo/wienberg/browse.html#kennels"
"lounges",1,"https://collectionbuilder.github.io/demo/wienberg/browse.html#lounges"
"racing",1,"https://collectionbuilder.github.io/demo/wienberg/browse.html#racing"
"hills",1,"https://collectionbuilder.github.io/demo/wienberg/browse.html#hills"
"castles & palaces",1,"https://collectionbuilder.github.io/demo/wienberg/browse.html#castles%20&%20palaces"
"amphitheaters",1,"https://collectionbuilder.github.io/demo/wienberg/browse.html#amphitheaters"
"bays (bodis of water)",1,"https://collectionbuilder.github.io/demo/wienberg/browse.html#bays%20(bodis%20of%20water)"
"religious services",1,"https://collectionbuilder.github.io/demo/wienberg/browse.html#religious%20services"
"airports",1,"https://collectionbuilder.github.io/demo/wienberg/browse.html#airports"
"dining rooms",1,"https://collectionbuilder.github.io/demo/wienberg/browse.html#dining%20rooms"
"springs",1,"https://collectionbuilder.github.io/demo/wienberg/browse.html#springs"
"celebrities: coastlines",1,"https://collectionbuilder.github.io/demo/wienberg/browse.html#celebrities:%20coastlines"
"greeting cards",1,"https://collectionbuilder.github.io/demo/wienberg/browse.html#greeting%20cards"
"roads: automobiles",1,"https://collectionbuilder.github.io/demo/wienberg/browse.html#roads:%20automobiles"
"sea lions: beaches",1,"https://collectionbuilder.github.io/demo/wienberg/browse.html#sea%20lions:%20beaches"
"windmills",1,"https://collectionbuilder.github.io/demo/wienberg/browse.html#windmills"
"shopping",1,"https://collectionbuilder.github.io/demo/wienberg/browse.html#shopping"
"apartment hotels",1,"https://collectionbuilder.github.io/demo/wienberg/browse.html#apartment%20hotels"
"horse boarding & training facilities",1,"https://collectionbuilder.github.io/demo/wienberg/browse.html#horse%20boarding%20&%20training%20facilities"
"vacations",1,"https://collectionbuilder.github.io/demo/wienberg/browse.html#vacations"
"real estate development",1,"https://collectionbuilder.github.io/demo/wienberg/browse.html#real%20estate%20development"
"horse shows",1,"https://collectionbuilder.github.io/demo/wienberg/browse.html#horse%20shows"
"programs",1,"https://collectionbuilder.github.io/demo/wienberg/browse.html#programs"
"wine",1,"https://collectionbuilder.github.io/demo/wienberg/browse.html#wine"
"calendars",1,"https://collectionbuilder.github.io/demo/wienberg/browse.html#calendars"
"bulldozers",1,"https://collectionbuilder.github.io/demo/wienberg/browse.html#bulldozers"
"negatives",1,"https://collectionbuilder.github.io/demo/wienberg/browse.html#negatives"
"motion picture festivals",1,"https://collectionbuilder.github.io/demo/wienberg/browse.html#motion%20picture%20festivals"
"soldiers",1,"https://collectionbuilder.github.io/demo/wienberg/browse.html#soldiers"
"pamphlets",1,"https://collectionbuilder.github.io/demo/wienberg/browse.html#pamphlets"
